Mitochondrial central dogma > mtDNA maintenance,"Apex1, Atad3a, Dna2, Endog, Exog, Lig3, Mettl4, Mgme1, Mterf1a, Mterf1b, Mterf2, Mutyh, Ogg1, Pif1, Polb, Poldip2, Polg, Polg2, Polq, Polrmt, Ppa2, Primpol, Recql4, Rnaseh1, Ssbp1, Tfam, Tfb2m, Top1mt, Top3a, Twnk, Ung"
Mitochondrial central dogma > mtRNA metabolism,"Alkbh1, Angel2, Cdk5rap1, Ddx28, Dhx30, Dus2, Elac2, Endog, Eral1, Fastk, Fastkd1, Fastkd2, Fastkd3, Fastkd5, Grsf1, Gtpbp3, Hsd17b10, Lactb2, Lrpprc, Mettl15, Mettl17, Mettl5, Mettl8, Mrm1, Mrm2, Mrm3, Mrpl12, Mrpl47, Mrps7, Mrps9, Mterf1a, Mterf1b, Mto1, Mtpap, Mtres1, Myg1, Ngrn, Noa1, Nsun2, Nsun3, Nsun4, Osgepl1, Pde12, Pnpt1, Polrmt, Ppa2, Prorp, Ptcd1, Ptcd2, Pus1, Qtrt1, Rcc1l, Rexo2, Rmnd1, Rnaseh1, Rpusd3, Rpusd4, Slirp, Supv3l1, Tbrg4, Tefm, Tfam, Tfb1m, Tfb2m, Thg1l, Top1mt, Trit1, Trmt1, Trmt10c, Trmt2b, Trmt5, Trmu, Trnt1, Trub2, Ybey, Yrdc"
Mitochondrial central dogma > Translation,"2810006K23Rik, Aars2, Aurkaip1, Cars2, Chchd1, Coa3, Cox14, Dap3, Dars2, Ddx28, Dhx30, Ears2, Eral1, Exd2, Fars2, Fastkd2, Gadd45gip1, Gars, Gatb, Gatc, Gfm1, Gfm2, Grsf1, Gtpbp10, Guf1, Hars2, Hemk1, Iars2, Kars, Lars2, Lrpprc, Malsu1, Mars2, Metap1d, Mettl17, Mief1, Mpv17l2, Mrm2, Mrm3, Mrpl1, Mrpl10, Mrpl11, Mrpl12, Mrpl13, Mrpl14, Mrpl15, Mrpl16, Mrpl17, Mrpl18, Mrpl19, Mrpl2, Mrpl20, Mrpl21, Mrpl22, Mrpl23, Mrpl24, Mrpl27, Mrpl28, Mrpl3, Mrpl30, Mrpl32, Mrpl33, Mrpl34, Mrpl35, Mrpl36, Mrpl37, Mrpl38, Mrpl39, Mrpl4, Mrpl40, Mrpl41, Mrpl42, Mrpl43, Mrpl44, Mrpl45, Mrpl46, Mrpl47, Mrpl48, Mrpl49, Mrpl50, Mrpl51, Mrpl52, Mrpl53, Mrpl54, Mrpl55, Mrpl57, Mrpl58, Mrpl9, Mrps10, Mrps11, Mrps12, Mrps14, Mrps15, Mrps16, Mrps17, Mrps18a, Mrps18b, Mrps18c, Mrps2, Mrps21, Mrps22, Mrps23, Mrps24, Mrps25, Mrps26, Mrps27, Mrps28, Mrps30, Mrps31, Mrps33, Mrps34, Mrps35, Mrps36, Mrps5, Mrps6, Mrps7, Mrps9, Mrrf, Mterf1a, Mterf3, Mterf4, Mtfmt, Mtg1, Mtg2, Mtif2, Mtif3, Mtres1, Mtrf1, Mtrf1l, Nars2, Ngrn, Noa1, Nsun4, Oxa1l, Pars2, Pdf, Ppa2, Ptcd3, Pusl1, Qrsl1, Rars2, Rbfa, Rmnd1, Sars2, Slirp, Taco1, Tars2, Tfb1m, Timm21, Tsfm, Tufm, Vars2, Wars2, Yars2, Ybey"
"Protein import, sorting and homeostasis > Protein import and sorting","Agk, Aifm1, Chchd4, Dnajc11, Dnajc15, Dnajc19, Gfer, Grpel1, Grpel2, Immp1l, Immp2l, Mipep, Mtx1, Mtx2, Nrd1, Oxa1l, Pam16, Pmpca, Pmpcb, Romo1, Samm50, Timm10, Timm10b, Timm13, Timm17a, Timm17b, Timm21, Timm22, Timm23, Timm29, Timm44, Timm50, Timm8a1, Timm8a2, Timm8b, Timm9, Tomm20, Tomm20l, Tomm22, Tomm34, Tomm40, Tomm40l, Tomm5, Tomm6, Tomm7, Tomm70a, Uqcrc1, Uqcrc2, Xpnpep3"
"Protein import, sorting and homeostasis > Protein homeostasis > Proteases","Afg1l, Afg3l1, Afg3l2, Atad1, Atp23, Casp3, Casp9, Clpb, Clpp, Clpx, Htra2, Ide, Immp1l, Immp2l, Lactb, Lap3, Lonp1, Metap1d, Mipep, Nln, Oma1, Parl, Pitrm1, Pmpca, Pmpcb, Spg7, Usp30, Xpnpep3, Yme1l1"
"Protein import, sorting and homeostasis > Protein homeostasis > Chaperones","Dnaja3, Dnlz, Fkbp10, Hspd1, Hspe1, Maip1, Nrd1, Phb, Phb2, Timm10, Timm10b, Timm13, Timm8a1, Timm8a2, Timm8b, Timm9, Trap1"
OXPHOS > OXPHOS subunits,"Atp5a1, Atp5b, Atp5c1, Atp5d, Atp5e, Atp5g1, Atp5g2, Atp5g3, Atp5h, Atp5j, Atp5j2, Atp5k, Atp5l, Atp5md, Atp5mpl, Atp5o, Atp5pb, Atpif1, Cox4i1, Cox4i2, Cox5a, Cox5b, Cox6a1, Cox6a2, Cox6b1, Cox6b2, Cox6c, Cox7a1, Cox7a2, Cox7a2l, Cox7b, Cox7c, Cox8a, Cox8b, Cox8c, Cyc1, Cycs, Cyct, Dmac2l, Hccs, mt-Atp6, mt-Atp8, mt-Co1, mt-Co2, mt-Co3, mt-Cytb, mt-Nd1, mt-Nd2, mt-Nd3, mt-Nd4, mt-Nd4l, mt-Nd5, mt-Nd6, Ndufa1, Ndufa10, Ndufa11, Ndufa12, Ndufa13, Ndufa2, Ndufa3, Ndufa4, Ndufa5, Ndufa6, Ndufa7, Ndufa8, Ndufa9, Ndufab1, Ndufb10, Ndufb11, Ndufb2, Ndufb3, Ndufb4, Ndufb5, Ndufb6, Ndufb7, Ndufb8, Ndufb9, Ndufc1, Ndufc2, Ndufs1, Ndufs2, Ndufs3, Ndufs4, Ndufs5, Ndufs6, Ndufs7, Ndufs8, Ndufv1, Ndufv2, Ndufv3, Sdha, Sdhb, Sdhc, Sdhd, Uqcr10, Uqcr11, Uqcrb, Uqcrc1, Uqcrc2, Uqcrfs1, Uqcrh, Uqcrq"
OXPHOS > OXPHOS assembly factors,"Acad9, Aifm1, Atpaf1, Atpaf2, Atpsckmt, Bcs1l, Cep89, Cmc1, Cmc2, Coa3, Coa4, Coa5, Coa6, Coa7, Coa8, Cox10, Cox11, Cox14, Cox15, Cox16, Cox17, Cox18, Cox19, Cox20, Cox7a2l, Dmac1, Dmac2, Ecsit, Fmc1, Foxred1, Higd1a, Higd2a, Lyrm2, Lyrm7, Ndufaf1, Ndufaf2, Ndufaf3, Ndufaf4, Ndufaf5, Ndufaf6, Ndufaf7, Ndufaf8, Nubpl, Pet100, Pet117, Pnkd, Rab5if, Sco1, Sco2, Sdhaf1, Sdhaf2, Sdhaf3, Sdhaf4, Smim20, Surf1, Taco1, Timm21, Timmdc1, Tmem126a, Tmem126b, Tmem177, Tmem186, Tmem70, Ttc19, Uqcc1, Uqcc2, Uqcc3"
Metabolism > Carbohydrate metabolism,"Abhd11, Acaa2, Acat1, Acly, Aco2, Acod1, Auh, Bdh1, Clybl, Cs, D2hgdh, Dcxr, Dlat, Dld, Dlst, Fahd1, Fh1, Glyctk, Gm4984, Got2, Gpd2, Hadhb, Hmgcl, Hmgcs2, Idh2, Idh3a, Idh3b, Idh3g, L2hgdh, Ldhal6b, Ldhd, Mcee, Mdh2, Me2, Me3, Mmut, Mpc1, Mpc2, Mrps36, Neu4, Ogdh, Ogdhl, Oxct1, Oxct2a, Pcca, Pccb, Pck2, Pcx, Pdha1, Pdha2, Pdhb, Pdhx, Pdk1, Pdk2, Pdk3, Pdk4, Pdp1, Pdp2, Pdpr, Rpia, Sdha, Sdhb, Sdhc, Sdhd, Sfxn5, Slc25a1, Slc25a10, Slc25a11, Slc25a12, Slc25a13, Sucla2, Suclg1, Suclg2"
Metabolism > Lipid metabolism,"Acaa1a, Acaa1b, Acaa2, Acaca, Acacb, Acad10, Acad11, Acad12, Acadl, Acadm, Acads, Acadsb, Acadvl, Acat1, Acot10, Acot11, Acot13, Acot2, Acot7, Acot9, Acp6, Acsf2, Acsf3, Acsl1, Acsl6, Acsm1, Acsm2, Acsm3, Acsm4, Acsm5, Acss1, Acss3, Agk, Agpat4, Agpat5, Akr1b7, Amacr, Cbr4, Chpt1, Cpt1a, Cpt1b, Cpt1c, Cpt2, Crat, Crls1, Crot, Cyb5r3, Cyp11a1, Cyp11b1, Cyp11b2, Cyp27a1, Dbi, Decr1, Dhrs1, Ech1, Echdc1, Echs1, Eci1, Eci2, Ehhadh, Ephx2, Etfa, Etfb, Etfdh, Fabp1, Fasn, Fdps, Fdx1, Fdxr, Gcsh, Gpam, Gpat2, H2-Ke6, Hadh, Hadha, Hadhb, Hao2, Hint2, Hsd17b10, Hsd17b4, Htd2, Idi1, Lactb, Lias, Lipt1, Lipt2, Lypla1, Lyplal1, Mcat, Mcee, Mecr, Mgst3, Mlycd, Mmut, Ndufab1, Osbpl1a, Oxsm, Pcca, Pccb, Pgs1, Phyh, Pisd, Pld6, Plscr3, Pnpla8, Prdx6, Prelid1, Prelid3a, Prelid3b, Ptges2, Ptpmt1, Scp2, Serac1, Slc25a1, Slc25a20, Sphk2, Sptlc2, Star, Stard7, Tamm41, Taz, Them4, Them5, Triap1, Tspo, Zadh2"
Metabolism > Amino acid metabolism,"Aadat, Aass, Abat, Acaa2, Acad8, Acadsb, Acat1, Adhfe1, Agmat, Agxt, Agxt2, Akr7a5, Aldh18a1, Aldh4a1, Aldh5a1, Aldh6a1, Aldh7a1, Aldh9a1, Amt, Arg2, Auh, Bcat2, Bckdha, Bckdhb, Bckdk, Car5a, Car5b, Chdh, Comt, Cps1, Dbt, Dglucy, Dhtkd1, Dld, Dlst, Dmgdh, Echs1, Etfa, Etfb, Etfdh, Gcat, Gcdh, Gcsh, Gldc, Gls, Gls2, Glud1, Glyat, Got2, Gpt2, Grhpr, Hadh, Hadha, Hadhb, Hibadh, Hibch, Hmgcl, Hoga1, Hsd17b10, Ivd, Kmo, Kyat3, Ldhb, Maoa, Maob, Mccc1, Mccc2, Nags, Nat8l, Oat, Otc, Ppm1k, Prodh, Prodh2, Pycr1, Pycr2, Sardh, Sdsl, Sfxn1, Sfxn3, Shmt2, Slc25a12, Slc25a13, Slc25a15, Slc25a2, Slc25a21, Slc25a29, Slc25a38, Slc25a44, Sugct"
Metabolism > Nucleotide metabolism,"Ak2, Ak3, Ak4, Antkmt, Ckmt1, Ckmt2, Cmpk2, Dguok, Dhodh, Dut, Fhit, Gatm, Guk1, Hint1, Nme3, Nme4, Nme6, Nt5dc2, Nt5m, Nudt2, Nudt5, Nudt9, Paics, Ppa2, Slc25a23, Slc25a24, Slc25a25, Slc25a31, Slc25a33, Slc25a36, Slc25a4, Slc25a41, Slc25a5, Sucla2, Suclg1, Tk2"
Metabolism > Metals and cofactors,"Abat, Abcb10, Abcb6, Abcb7, Aco2, Aifm3, Alas1, Alas2, Bola1, Bola3, Chchd7, Cisd1, Cisd3, Coasy, Coq10a, Coq10b, Coq2, Coq3, Coq4, Coq5, Coq6, Coq7, Coq8a, Coq8b, Coq9, Cox10, Cox11, Cox15, Cox17, Cox19, Cpox, Cpt1a, Cpt1b, Cpt1c, Cpt2, Cyb5b, Cyc1, Cycs, Cyp11a1, Cyp11b2, Cyp24a1, Cyp27a1, Cyp27b1, Dna2, Etfdh, Fabp1, Fam210b, Fdx1, Fdx2, Fdxr, Fech, Fth1, Ftmt, Fxn, Glrx2, Glrx5, Grpel1, Grpel2, Hccs, Hscb, Hspa9, Iba57, Isca1, Isca2, Iscu, Kmo, Kyat3, Lias, Lyrm4, Mocs1, mt-Co1, mt-Cytb, Mtarc1, Mtarc2, Nadk2, Naxd, Naxe, Ndufab1, Ndufs1, Ndufs2, Ndufs7, Ndufs8, Ndufv1, Ndufv2, Nfs1, Nfu1, Nmnat3, Nnt, Noct, Nthl1, Nubpl, Nudt13, Nudt19, Nudt8, Pank2, Pcbd2, Pdss1, Pdss2, Ppox, Qdpr, Rsad1, Sco1, Sco2, Sdhb, Sdhc, Sdhd, Sirt3, Sirt4, Sirt5, Slc25a20, Slc25a28, Slc25a3, Slc25a37, Slc25a38, Slc25a42, Slc25a51, Spr, Suox, Tmlhe, Uqcrfs1"
Metabolism > Vitamin metabolism,"Acaca, Acacb, Akr1b10, Aldh1l1, Aldh1l2, Aldh7a1, Amt, Bco2, Chdh, Cyp24a1, Cyp27b1, Dhrs4, Dmgdh, Etfa, Etfb, Etfdh, Fdx1, Fdxr, Flad1, Fpgs, Glrx2, Gtpbp3, Mccc1, Mmaa, Mmab, Mmadhc, Mmut, Mtfmt, Mthfd1l, Mthfd2, Mthfd2l, Mthfs, Mthfsl, Mto1, Pcca, Pcx, Plpbp, Pnpo, Qdpr, Rdh13, Rdh14, Rfk, Sardh, Sfxn1, Sfxn3, Shmt2, Slc25a19, Slc25a32, Slc25a38, Txn2"
Metabolism > Detoxification,"Abhd10, Acsm2, Acsm5, Aifm2, Akr1b10, Akr7a5, Aldh1b1, Aldh2, Aldh3a2, Aldh7a1, Aldh9a1, Bphl, Cat, Cbr3, Cyb5b, Cyb5r3, Dhrs2, Ephx2, Glrx2, Glyat, Gpx1, Gpx4, Gsr, Gstk1, Gstz1, Hagh, Maoa, Maob, Mgst1, Mpst, Msra, Msrb2, Msrb3, Mtarc1, Mtarc2, Nit1, Nit2, Oxr1, Prdx2, Prdx3, Prdx4, Prdx5, Prdx6, Prxl2a, Selenoo, Sod1, Sod2, Tst, Txn2, Txnrd1, Txnrd2"
Metabolism > Electron carriers,"Chdh, Cyb5b, Cyc1, Cycs, Cyct, Dhodh, Etfa, Etfb, Etfbkmt, Etfdh, Etfrf1, Gpd2, mt-Cytb, Prodh, Prodh2, Sqor"
Metabolism > Sulfur metabolism,"Ethe1, Got2, Mpst, Msra, Msrb2, Slc25a14, Slc25a30, Sqor, Suox, Tst, Tstd1"
Small molecule transport,"Abca9, Abcb10, Abcb6, Abcb7, Abcb8, Abcd1, Abcd2, Abcd3, Ccdc51, Gm4984, Letmd1, Mcu, Mcub, Micu1, Micu2, Micu3, Mpc1, Mpc2, Mpv17, Mpv17l, Mrs2, Mtch1, Mtch2, Romo1, Sfxn1, Sfxn2, Sfxn3, Sfxn4, Sfxn5, Slc25a1, Slc25a10, Slc25a11, Slc25a12, Slc25a13, Slc25a14, Slc25a15, Slc25a16, Slc25a18, Slc25a19, Slc25a2, Slc25a20, Slc25a21, Slc25a22, Slc25a23, Slc25a24, Slc25a25, Slc25a26, Slc25a27, Slc25a28, Slc25a29, Slc25a3, Slc25a30, Slc25a31, Slc25a32, Slc25a33, Slc25a34, Slc25a35, Slc25a36, Slc25a37, Slc25a38, Slc25a39, Slc25a4, Slc25a40, Slc25a41, Slc25a42, Slc25a43, Slc25a44, Slc25a45, Slc25a46, Slc25a47, Slc25a48, Slc25a5, Slc25a51, Slc25a53, Slc25a54, Slc30a9, Slc8b1, Smdt1, Stard7, Ucp1, Ucp2, Ucp3, Vdac1, Vdac2, Vdac3"
Signaling,"Acod1, Adcy10, Akap1, Akap10, Bloc1s1, C1qbp, Cstad, Dele1, Efhd1, Fundc2, Ifi27, Letm1, Lypla1, Macrod1, Mavs, Mcrip2, Mcu, Mcub, Micu1, Micu2, Micu3, Mrs2, Mul1, Nlrx1, Ociad2, Pde2a, Pink1, Ppif, Pptc7, Prkaca, Rhot1, Rhot2, Sirt3, Slc25a12, Slc25a13, Slc25a23, Slc25a24, Slc25a25, Slc25a3, Slc25a31, Slc25a4, Slc25a5, Slc8b1, Smdt1, Sphkap, Vdac1, Vdac3"
Mitochondrial dynamics and surveillance,"Ahcyl1, Aifm1, Aifm2, Aifm3, Apoo, Apool, Arl2, Armc10, Armcx1, Armcx3, Atad3a, Atp5k, Atp5l, Atp5md, Bad, Bak1, Bax, Bbc3, Bcl2, Bcl2a1d, Bcl2l1, Bcl2l10, Bcl2l11, Bcl2l13, Bcl2l2, Bid, Bik, Bnip3, Bnip3l, Bok, Casp3, Casp8, Casp9, Chchd2, Chchd3, Chchd6, Cycs, Diablo, Dnajc11, Dnm1l, Endog, Fis1, Fkbp8, Fundc1, Fundc2, Ghitm, Htra2, Ifi27, Immt, Marchf5, Mcl1, Mff, Mfn1, Mfn2, Mgarp, Micos10, Micos13, Mief1, Mief2, Miga1, Miga2, Mtch2, Mtfp1, Mtfr1, Mtfr2, Mtx1, Mtx2, Mtx3, Mul1, Myo19, Nbr1, Nipsnap1, Nipsnap2, Oma1, Opa1, Park7, Parl, Pgam5, Pigbos1, Pink1, Pld6, Pmaip1, Prkn, Rab24, Rhot1, Rhot2, Rmdn3, Samm50, Septin4, Slc25a46, Snap29, Sphk2, Spire1, Stx17, Styxl1, Synj2bp, Tmem11, Tomm20, Tomm7, Usp30, Vdac1, Vps13d"